<?xml-stylesheet type="text/xsl" href="bb.xsl"?>
<postings>
  <posting postId="1" postDate="2003-1-11">
    <postedBy>a@abc.com</postedBy>
    <postSubject>Welcome</postSubject>
    <content>Welcome to the bulletin board</content>
    <followUp postId="2" postDate="2003-1-12">
      <postedBy>b@abc.com</postedBy>
      <postSubject>Posting 2</postSubject>
      <content>This is posting 2</content>
      <followUp postId="7" postDate="2003-1-17">
        <postedBy>c@abc.com</postedBy>
        <postSubject>Posting 7</postSubject>
        <content>This is posting 7</content>
      </followUp>
      <followUp postId="8" postDate="2003-1-18">
        <postedBy>d@abc.com</postedBy>
        <postSubject>Posting 8</postSubject>
        <content>This is posting 8</content>
        <followUp postId="9" postDate="2003-1-19">
          <postedBy>a@abc.com</postedBy>
          <postSubject>Posting 9</postSubject>
          <content>This is posting 9</content>
        </followUp>
      </followUp>
    </followUp>
    <followUp postId="3" postDate="2003-1-13">
      <postedBy>c@abc.com</postedBy>
      <postSubject>Posting 3</postSubject>
      <content>This is posting 3</content>
    </followUp>
  </posting>
</postings>

